[
    { "id": 1, "name": "Jackie", "position": "designer", "mood": "happy", "image": "https://picsum.photos/id/64/400/600"},
    { "id": 2, "name": "Josie", "position": "developer", "mood": "angry", "image": "https://picsum.photos/id/342/400/600"},
    { "id": 3, "name": "Johnny", "position": "developer", "mood": "happy", "image": "https://picsum.photos/id/349/400/600"},
    { "id": 4, "name": "Jamie", "position": "designer", "mood": "happy", "image": "https://picsum.photos/id/375/400/600"},
    { "id": 5, "name": "Joseph", "position": "designer", "mood": "angry", "image": "https://picsum.photos/id/513/400/600"},
    { "id": 6, "name": "Jamal", "position": "developer", "mood": "sad", "image": "https://picsum.photos/id/633/400/600"},
    { "id": 7, "name": "Jenny", "position": "designer", "mood": "angry", "image": "https://picsum.photos/id/669/400/600"},
    { "id": 8, "name": "Jonas", "position": "developer", "mood": "sad", "image": "https://picsum.photos/id/786/400/600"}
]
